{"cameraMode":{"drawMode":0,"name":"Shaded","section":"Shading Mode"},"sceneLighting":true,"audioPlay":false,"sceneViewState":{"m_AlwaysRefresh":false,"showFog":true,"showSkybox":true,"showFlares":true,"showImageEffects":true,"showParticleSystems":true,"showVisualEffectGraphs":true,"m_FxEnabled":false},"in2DMode":false,"pivot":{"x":1.471727728843689,"y":1.8509584665298463,"z":-1.1786175966262818},"rotation":{"x":0.24543848633766175,"y":-0.3439788818359375,"z":0.09363270550966263,"w":0.9015029072761536},"size":0.4573260247707367,"orthographic":false}