{"cameraMode":{"drawMode":0,"name":"Shaded","section":"Shading Mode"},"sceneLighting":true,"audioPlay":false,"sceneViewState":{"m_AlwaysRefresh":false,"showFog":true,"showSkybox":true,"showFlares":true,"showImageEffects":true,"showParticleSystems":true,"showVisualEffectGraphs":true,"m_FxEnabled":false},"in2DMode":false,"pivot":{"x":0.060358285903930667,"y":0.567481279373169,"z":0.4164853096008301},"rotation":{"x":0.024208109825849534,"y":-0.9757473468780518,"z":0.14777353405952454,"w":0.15975669026374818},"size":3.491513252258301,"orthographic":false}